,count,mean,std,min,25%,50%,75%,max
X1,1000.0,-0.045256707490195384,0.9875270456945128,-3.0461430547999266,-0.6984200593598706,-0.058028034799627745,0.6069506018883982,2.759355114021582
X2,1000.0,-11.91829835810302,5.8118665630868716,-29.967677161365714,-15.923098702902038,-11.843628038756712,-8.247119669930171,7.025848639741078
X3,1000.0,4.87192859083582,2.38648567210311,-2.7921414789978147,3.1583383224449006,4.868755445569148,6.554040220170806,12.322740604409653
X4,1000.0,0.9052870170147035,5.081606921637935,-17.700503189758894,-2.552362528145097,0.8586709549892361,4.30912713884921,20.008301074835575
X5,1000.0,-7.985909653846078,0.499181805296153,-9.50371860222178,-8.313495286650351,-7.987152053763302,-7.643178820705893,-6.510011914120673
X6,1000.0,9.904733651038674,4.920373606645399,-3.79463762118764,6.628624304869575,9.927322394662383,13.152968641972116,24.208836723137118
X7,1000.0,3.076572955829919,5.050029785095234,-12.346034138324367,-0.43394935670180235,2.981044758590258,6.592642190909511,17.78199383348501
X8,1000.0,-2.1227174170514482,3.9089864559954393,-14.504805911370067,-4.621860075695936,-2.151469803690075,0.3561703652578313,11.17077728686386
Y,1000.0,-5.3110483582280565,7.2836227165556116,-27.659999148737466,-10.10686261534906,-5.602797292017966,-0.34047057334782105,21.722814792458266
